,rmse,mean,median,std,min,max,sse
1mh01.txt,0.03751555017650867,0.033309454420923215,0.03076842206096051,0.01725968572212656,0.0007236143341210467,0.10481265049844617,3.8929140529576234
